111,vishnu,"[{""time"": 1717656736780, ""key"": ""u"", ""event"": ""p""}, {""time"": 1717656736909, ""key"": ""u"", ""event"": ""r""}, {""time"": 1717656737032, ""key"": ""n"", ""event"": ""p""}, {""time"": 1717656737198, ""key"": ""n"", ""event"": ""r""}, {""time"": 1717656737249, ""key"": ""i"", ""event"": ""p""}, {""time"": 1717656737409, ""key"": ""t"", ""event"": ""p""}, {""time"": 1717656737439, ""key"": ""i"", ""event"": ""r""}, {""time"": 1717656737542, ""key"": ""t"", ""event"": ""r""}, {""time"": 1717656737661, ""key"": ""e"", ""event"": ""p""}, {""time"": 1717656737730, ""key"": ""e"", ""event"": ""r""}, {""time"": 1717656737908, ""key"": ""d"", ""event"": ""p""}, {""time"": 1717656738068, ""key"": ""d"", ""event"": ""r""}, {""time"": 1717656738099, ""key"": "" "", ""event"": ""p""}, {""time"": 1717656738228, ""key"": "" "", ""event"": ""r""}, {""time"": 1717656738455, ""key"": ""s"", ""event"": ""p""}, {""time"": 1717656738560, ""key"": ""s"", ""event"": ""r""}, {""time"": 1717656738685, ""key"": ""t"", ""event"": ""p""}, {""time"": 1717656738827, ""key"": ""t"", ""event"": ""r""}, {""time"": 1717656738949, ""key"": ""a"", ""event"": ""p""}, {""time"": 1717656739109, ""key"": ""a"", ""event"": ""r""}, {""time"": 1717656739195, ""key"": ""t"", ""event"": ""p""}, {""time"": 1717656739312, ""key"": ""t"", ""event"": ""r""}, {""time"": 1717656739464, ""key"": ""e"", ""event"": ""p""}, {""time"": 1717656739594, ""key"": ""e"", ""event"": ""r""}, {""time"": 1717656739806, ""key"": ""s"", ""event"": ""p""}, {""time"": 1717656739950, ""key"": ""s"", ""event"": ""r""}]"
111,vishnu,"[{""time"": 1717656750631, ""key"": ""u"", ""event"": ""p""}, {""time"": 1717656750724, ""key"": ""u"", ""event"": ""r""}, {""time"": 1717656750837, ""key"": ""n"", ""event"": ""p""}, {""time"": 1717656750947, ""key"": ""n"", ""event"": ""r""}, {""time"": 1717656751032, ""key"": ""i"", ""event"": ""p""}, {""time"": 1717656751181, ""key"": ""i"", ""event"": ""r""}, {""time"": 1717656751197, ""key"": ""t"", ""event"": ""p""}, {""time"": 1717656751329, ""key"": ""t"", ""event"": ""r""}, {""time"": 1717656751404, ""key"": ""e"", ""event"": ""p""}, {""time"": 1717656751496, ""key"": ""e"", ""event"": ""r""}, {""time"": 1717656751640, ""key"": ""d"", ""event"": ""p""}, {""time"": 1717656751783, ""key"": ""d"", ""event"": ""r""}, {""time"": 1717656751844, ""key"": "" "", ""event"": ""p""}, {""time"": 1717656751928, ""key"": "" "", ""event"": ""r""}, {""time"": 1717656752136, ""key"": ""s"", ""event"": ""p""}, {""time"": 1717656752225, ""key"": ""s"", ""event"": ""r""}, {""time"": 1717656752327, ""key"": ""t"", ""event"": ""p""}, {""time"": 1717656752475, ""key"": ""t"", ""event"": ""r""}, {""time"": 1717656752601, ""key"": ""a"", ""event"": ""p""}, {""time"": 1717656752743, ""key"": ""a"", ""event"": ""r""}, {""time"": 1717656752829, ""key"": ""t"", ""event"": ""p""}, {""time"": 1717656752942, ""key"": ""t"", ""event"": ""r""}, {""time"": 1717656753052, ""key"": ""e"", ""event"": ""p""}, {""time"": 1717656753174, ""key"": ""e"", ""event"": ""r""}, {""time"": 1717656753301, ""key"": ""s"", ""event"": ""p""}, {""time"": 1717656753426, ""key"": ""s"", ""event"": ""r""}]"
111,vishnu,"[{""time"": 1717656758197, ""key"": ""u"", ""event"": ""p""}, {""time"": 1717656758269, ""key"": ""u"", ""event"": ""r""}, {""time"": 1717656758414, ""key"": ""n"", ""event"": ""p""}, {""time"": 1717656758465, ""key"": ""n"", ""event"": ""r""}, {""time"": 1717656758659, ""key"": ""i"", ""event"": ""p""}, {""time"": 1717656758838, ""key"": ""i"", ""event"": ""r""}, {""time"": 1717656758840, ""key"": ""t"", ""event"": ""p""}, {""time"": 1717656758960, ""key"": ""t"", ""event"": ""r""}, {""time"": 1717656759062, ""key"": ""e"", ""event"": ""p""}, {""time"": 1717656759144, ""key"": ""e"", ""event"": ""r""}, {""time"": 1717656759302, ""key"": ""d"", ""event"": ""p""}, {""time"": 1717656759442, ""key"": ""d"", ""event"": ""r""}, {""time"": 1717656759627, ""key"": "" "", ""event"": ""p""}, {""time"": 1717656759727, ""key"": "" "", ""event"": ""r""}, {""time"": 1717656759845, ""key"": ""s"", ""event"": ""p""}, {""time"": 1717656759951, ""key"": ""s"", ""event"": ""r""}, {""time"": 1717656760081, ""key"": ""t"", ""event"": ""p""}, {""time"": 1717656760220, ""key"": ""t"", ""event"": ""r""}, {""time"": 1717656760570, ""key"": ""a"", ""event"": ""p""}, {""time"": 1717656760760, ""key"": ""a"", ""event"": ""r""}, {""time"": 1717656760841, ""key"": ""t"", ""event"": ""p""}, {""time"": 1717656760971, ""key"": ""t"", ""event"": ""r""}, {""time"": 1717656761079, ""key"": ""e"", ""event"": ""p""}, {""time"": 1717656761197, ""key"": ""e"", ""event"": ""r""}, {""time"": 1717656761389, ""key"": ""s"", ""event"": ""p""}, {""time"": 1717656761471, ""key"": ""s"", ""event"": ""r""}]"
111,vishnu,"[{""time"": 1717656765691, ""key"": ""u"", ""event"": ""p""}, {""time"": 1717656765791, ""key"": ""u"", ""event"": ""r""}, {""time"": 1717656765938, ""key"": ""n"", ""event"": ""p""}, {""time"": 1717656766079, ""key"": ""n"", ""event"": ""r""}, {""time"": 1717656766186, ""key"": ""i"", ""event"": ""p""}, {""time"": 1717656766341, ""key"": ""i"", ""event"": ""r""}, {""time"": 1717656766382, ""key"": ""t"", ""event"": ""p""}, {""time"": 1717656766503, ""key"": ""t"", ""event"": ""r""}, {""time"": 1717656766607, ""key"": ""e"", ""event"": ""p""}, {""time"": 1717656766723, ""key"": ""e"", ""event"": ""r""}, {""time"": 1717656766873, ""key"": ""d"", ""event"": ""p""}, {""time"": 1717656766995, ""key"": ""d"", ""event"": ""r""}, {""time"": 1717656767286, ""key"": "" "", ""event"": ""p""}, {""time"": 1717656767400, ""key"": "" "", ""event"": ""r""}, {""time"": 1717656767562, ""key"": ""s"", ""event"": ""p""}, {""time"": 1717656767679, ""key"": ""s"", ""event"": ""r""}, {""time"": 1717656767813, ""key"": ""t"", ""event"": ""p""}, {""time"": 1717656767939, ""key"": ""t"", ""event"": ""r""}, {""time"": 1717656768063, ""key"": ""a"", ""event"": ""p""}, {""time"": 1717656768180, ""key"": ""a"", ""event"": ""r""}, {""time"": 1717656768263, ""key"": ""t"", ""event"": ""p""}, {""time"": 1717656768361, ""key"": ""t"", ""event"": ""r""}, {""time"": 1717656768479, ""key"": ""e"", ""event"": ""p""}, {""time"": 1717656768591, ""key"": ""e"", ""event"": ""r""}, {""time"": 1717656768685, ""key"": ""s"", ""event"": ""p""}, {""time"": 1717656768701, ""key"": ""s"", ""event"": ""r""}]"
111,vishnu,"[{""time"": 1717656773343, ""key"": ""u"", ""event"": ""p""}, {""time"": 1717656773464, ""key"": ""u"", ""event"": ""r""}, {""time"": 1717656773600, ""key"": ""n"", ""event"": ""p""}, {""time"": 1717656773734, ""key"": ""n"", ""event"": ""r""}, {""time"": 1717656773878, ""key"": ""i"", ""event"": ""p""}, {""time"": 1717656773983, ""key"": ""i"", ""event"": ""r""}, {""time"": 1717656773999, ""key"": ""t"", ""event"": ""p""}, {""time"": 1717656774121, ""key"": ""t"", ""event"": ""r""}, {""time"": 1717656774226, ""key"": ""e"", ""event"": ""p""}, {""time"": 1717656774303, ""key"": ""e"", ""event"": ""r""}, {""time"": 1717656774437, ""key"": ""d"", ""event"": ""p""}, {""time"": 1717656774593, ""key"": ""d"", ""event"": ""r""}, {""time"": 1717656774600, ""key"": "" "", ""event"": ""p""}, {""time"": 1717656774720, ""key"": "" "", ""event"": ""r""}, {""time"": 1717656774895, ""key"": ""s"", ""event"": ""p""}, {""time"": 1717656774996, ""key"": ""s"", ""event"": ""r""}, {""time"": 1717656775145, ""key"": ""t"", ""event"": ""p""}, {""time"": 1717656775289, ""key"": ""t"", ""event"": ""r""}, {""time"": 1717656775573, ""key"": ""a"", ""event"": ""p""}, {""time"": 1717656775722, ""key"": ""a"", ""event"": ""r""}, {""time"": 1717656775795, ""key"": ""t"", ""event"": ""p""}, {""time"": 1717656775920, ""key"": ""t"", ""event"": ""r""}, {""time"": 1717656776044, ""key"": ""e"", ""event"": ""p""}, {""time"": 1717656776178, ""key"": ""e"", ""event"": ""r""}, {""time"": 1717656776260, ""key"": ""s"", ""event"": ""p""}, {""time"": 1717656776399, ""key"": ""s"", ""event"": ""r""}]"
111,vishnu,"[{""time"": 1717656785953, ""key"": ""u"", ""event"": ""p""}, {""time"": 1717656786059, ""key"": ""u"", ""event"": ""r""}, {""time"": 1717656786186, ""key"": ""n"", ""event"": ""p""}, {""time"": 1717656786286, ""key"": ""n"", ""event"": ""r""}, {""time"": 1717656786412, ""key"": ""i"", ""event"": ""p""}, {""time"": 1717656786556, ""key"": ""i"", ""event"": ""r""}, {""time"": 1717656786560, ""key"": ""t"", ""event"": ""p""}, {""time"": 1717656786700, ""key"": ""t"", ""event"": ""r""}, {""time"": 1717656786796, ""key"": ""e"", ""event"": ""p""}, {""time"": 1717656786895, ""key"": ""e"", ""event"": ""r""}, {""time"": 1717656787029, ""key"": ""d"", ""event"": ""p""}, {""time"": 1717656787148, ""key"": ""d"", ""event"": ""r""}, {""time"": 1717656787285, ""key"": "" "", ""event"": ""p""}, {""time"": 1717656787424, ""key"": "" "", ""event"": ""r""}, {""time"": 1717656787495, ""key"": ""s"", ""event"": ""p""}, {""time"": 1717656787647, ""key"": ""s"", ""event"": ""r""}, {""time"": 1717656787727, ""key"": ""t"", ""event"": ""p""}, {""time"": 1717656787872, ""key"": ""t"", ""event"": ""r""}, {""time"": 1717656787906, ""key"": ""a"", ""event"": ""p""}, {""time"": 1717656788056, ""key"": ""a"", ""event"": ""r""}, {""time"": 1717656788060, ""key"": ""t"", ""event"": ""p""}, {""time"": 1717656788181, ""key"": ""t"", ""event"": ""r""}, {""time"": 1717656788283, ""key"": ""e"", ""event"": ""p""}, {""time"": 1717656788399, ""key"": ""e"", ""event"": ""r""}, {""time"": 1717656788424, ""key"": ""s"", ""event"": ""p""}, {""time"": 1717656788582, ""key"": ""s"", ""event"": ""r""}]"
111,vishnu,"[{""time"": 1717656793309, ""key"": ""u"", ""event"": ""p""}, {""time"": 1717656793398, ""key"": ""u"", ""event"": ""r""}, {""time"": 1717656793542, ""key"": ""n"", ""event"": ""p""}, {""time"": 1717656793693, ""key"": ""n"", ""event"": ""r""}, {""time"": 1717656793811, ""key"": ""i"", ""event"": ""p""}, {""time"": 1717656793960, ""key"": ""i"", ""event"": ""r""}, {""time"": 1717656793995, ""key"": ""t"", ""event"": ""p""}, {""time"": 1717656794132, ""key"": ""t"", ""event"": ""r""}, {""time"": 1717656794214, ""key"": ""e"", ""event"": ""p""}, {""time"": 1717656794321, ""key"": ""e"", ""event"": ""r""}, {""time"": 1717656794497, ""key"": ""d"", ""event"": ""p""}, {""time"": 1717656794643, ""key"": ""d"", ""event"": ""r""}, {""time"": 1717656794659, ""key"": "" "", ""event"": ""p""}, {""time"": 1717656794781, ""key"": "" "", ""event"": ""r""}, {""time"": 1717656794820, ""key"": ""s"", ""event"": ""p""}, {""time"": 1717656794951, ""key"": ""s"", ""event"": ""r""}, {""time"": 1717656795026, ""key"": ""t"", ""event"": ""p""}, {""time"": 1717656795117, ""key"": ""t"", ""event"": ""r""}, {""time"": 1717656795402, ""key"": ""a"", ""event"": ""p""}, {""time"": 1717656795529, ""key"": ""a"", ""event"": ""r""}, {""time"": 1717656795577, ""key"": ""t"", ""event"": ""p""}, {""time"": 1717656795702, ""key"": ""t"", ""event"": ""r""}, {""time"": 1717656795811, ""key"": ""e"", ""event"": ""p""}, {""time"": 1717656795920, ""key"": ""e"", ""event"": ""r""}, {""time"": 1717656795964, ""key"": ""s"", ""event"": ""p""}, {""time"": 1717656796135, ""key"": ""s"", ""event"": ""r""}]"
111,vishnu,"[{""time"": 1717656805089, ""key"": ""u"", ""event"": ""p""}, {""time"": 1717656805193, ""key"": ""u"", ""event"": ""r""}, {""time"": 1717656805305, ""key"": ""n"", ""event"": ""p""}, {""time"": 1717656805421, ""key"": ""n"", ""event"": ""r""}, {""time"": 1717656805528, ""key"": ""i"", ""event"": ""p""}, {""time"": 1717656805672, ""key"": ""i"", ""event"": ""r""}, {""time"": 1717656805674, ""key"": ""t"", ""event"": ""p""}, {""time"": 1717656805808, ""key"": ""t"", ""event"": ""r""}, {""time"": 1717656805934, ""key"": ""e"", ""event"": ""p""}, {""time"": 1717656806022, ""key"": ""e"", ""event"": ""r""}, {""time"": 1717656806158, ""key"": ""d"", ""event"": ""p""}, {""time"": 1717656806329, ""key"": ""d"", ""event"": ""r""}, {""time"": 1717656806366, ""key"": "" "", ""event"": ""p""}, {""time"": 1717656806494, ""key"": "" "", ""event"": ""r""}, {""time"": 1717656806569, ""key"": ""s"", ""event"": ""p""}, {""time"": 1717656806690, ""key"": ""s"", ""event"": ""r""}, {""time"": 1717656806768, ""key"": ""t"", ""event"": ""p""}, {""time"": 1717656806894, ""key"": ""t"", ""event"": ""r""}, {""time"": 1717656806910, ""key"": ""a"", ""event"": ""p""}, {""time"": 1717656807051, ""key"": ""a"", ""event"": ""r""}, {""time"": 1717656807068, ""key"": ""t"", ""event"": ""p""}, {""time"": 1717656807188, ""key"": ""t"", ""event"": ""r""}, {""time"": 1717656807413, ""key"": ""e"", ""event"": ""p""}, {""time"": 1717656807592, ""key"": ""e"", ""event"": ""r""}, {""time"": 1717656807722, ""key"": ""s"", ""event"": ""p""}, {""time"": 1717656807902, ""key"": ""s"", ""event"": ""r""}]"
113,sreerag,"[{""time"": 1717732482860, ""key"": ""Enter"", ""event"": ""r""}, {""time"": 1717732483962, ""key"": ""u"", ""event"": ""p""}, {""time"": 1717732484092, ""key"": ""u"", ""event"": ""r""}, {""time"": 1717732484233, ""key"": ""n"", ""event"": ""p""}, {""time"": 1717732484341, ""key"": ""n"", ""event"": ""r""}, {""time"": 1717732484505, ""key"": ""i"", ""event"": ""p""}, {""time"": 1717732484619, ""key"": ""i"", ""event"": ""r""}, {""time"": 1717732485107, ""key"": ""t"", ""event"": ""p""}, {""time"": 1717732485219, ""key"": ""t"", ""event"": ""r""}, {""time"": 1717732485262, ""key"": ""e"", ""event"": ""p""}, {""time"": 1717732485383, ""key"": ""e"", ""event"": ""r""}, {""time"": 1717732485818, ""key"": ""d"", ""event"": ""p""}, {""time"": 1717732485864, ""key"": ""d"", ""event"": ""r""}, {""time"": 1717732486302, ""key"": ""s"", ""event"": ""p""}, {""time"": 1717732486462, ""key"": ""s"", ""event"": ""r""}, {""time"": 1717732486589, ""key"": ""t"", ""event"": ""p""}, {""time"": 1717732486690, ""key"": ""t"", ""event"": ""r""}, {""time"": 1717732486850, ""key"": ""a"", ""event"": ""p""}, {""time"": 1717732486966, ""key"": ""a"", ""event"": ""r""}, {""time"": 1717732487060, ""key"": ""t"", ""event"": ""p""}, {""time"": 1717732487147, ""key"": ""t"", ""event"": ""r""}, {""time"": 1717732487272, ""key"": ""e"", ""event"": ""p""}, {""time"": 1717732487395, ""key"": ""e"", ""event"": ""r""}, {""time"": 1717732487531, ""key"": ""s"", ""event"": ""p""}, {""time"": 1717732487664, ""key"": ""s"", ""event"": ""r""}]"
113,sreerag,"[{""time"": 1717732525062, ""key"": ""u"", ""event"": ""p""}, {""time"": 1717732525194, ""key"": ""u"", ""event"": ""r""}, {""time"": 1717732525271, ""key"": ""n"", ""event"": ""p""}, {""time"": 1717732525373, ""key"": ""n"", ""event"": ""r""}, {""time"": 1717732525679, ""key"": ""i"", ""event"": ""p""}, {""time"": 1717732525804, ""key"": ""i"", ""event"": ""r""}, {""time"": 1717732526091, ""key"": ""t"", ""event"": ""p""}, {""time"": 1717732526205, ""key"": ""t"", ""event"": ""r""}, {""time"": 1717732526224, ""key"": ""e"", ""event"": ""p""}, {""time"": 1717732526333, ""key"": ""e"", ""event"": ""r""}, {""time"": 1717732526484, ""key"": ""d"", ""event"": ""p""}, {""time"": 1717732526527, ""key"": ""d"", ""event"": ""r""}, {""time"": 1717732526753, ""key"": ""s"", ""event"": ""p""}, {""time"": 1717732526907, ""key"": ""s"", ""event"": ""r""}, {""time"": 1717732527069, ""key"": ""t"", ""event"": ""p""}, {""time"": 1717732527167, ""key"": ""t"", ""event"": ""r""}, {""time"": 1717732527296, ""key"": ""a"", ""event"": ""p""}, {""time"": 1717732527441, ""key"": ""a"", ""event"": ""r""}, {""time"": 1717732527461, ""key"": ""t"", ""event"": ""p""}, {""time"": 1717732527592, ""key"": ""t"", ""event"": ""r""}, {""time"": 1717732527668, ""key"": ""e"", ""event"": ""p""}, {""time"": 1717732527781, ""key"": ""e"", ""event"": ""r""}, {""time"": 1717732527900, ""key"": ""s"", ""event"": ""p""}, {""time"": 1717732528009, ""key"": ""s"", ""event"": ""r""}]"
113,sreerag,"[{""time"": 1717732542075, ""key"": ""u"", ""event"": ""p""}, {""time"": 1717732542202, ""key"": ""u"", ""event"": ""r""}, {""time"": 1717732542280, ""key"": ""n"", ""event"": ""p""}, {""time"": 1717732542401, ""key"": ""n"", ""event"": ""r""}, {""time"": 1717732542696, ""key"": ""i"", ""event"": ""p""}, {""time"": 1717732542826, ""key"": ""i"", ""event"": ""r""}, {""time"": 1717732543093, ""key"": ""t"", ""event"": ""p""}, {""time"": 1717732543170, ""key"": ""t"", ""event"": ""r""}, {""time"": 1717732543206, ""key"": ""e"", ""event"": ""p""}, {""time"": 1717732543320, ""key"": ""e"", ""event"": ""r""}, {""time"": 1717732543456, ""key"": ""d"", ""event"": ""p""}, {""time"": 1717732543542, ""key"": ""d"", ""event"": ""r""}, {""time"": 1717732543752, ""key"": ""s"", ""event"": ""p""}, {""time"": 1717732543892, ""key"": ""s"", ""event"": ""r""}, {""time"": 1717732543944, ""key"": ""t"", ""event"": ""p""}, {""time"": 1717732544072, ""key"": ""t"", ""event"": ""r""}, {""time"": 1717732544126, ""key"": ""a"", ""event"": ""p""}, {""time"": 1717732544285, ""key"": ""a"", ""event"": ""r""}, {""time"": 1717732544306, ""key"": ""t"", ""event"": ""p""}, {""time"": 1717732544389, ""key"": ""t"", ""event"": ""r""}, {""time"": 1717732544453, ""key"": ""e"", ""event"": ""p""}, {""time"": 1717732544575, ""key"": ""e"", ""event"": ""r""}, {""time"": 1717732544710, ""key"": ""s"", ""event"": ""p""}, {""time"": 1717732544818, ""key"": ""s"", ""event"": ""r""}]"
113,sreerag,"[{""time"": 1717732559757, ""key"": ""u"", ""event"": ""p""}, {""time"": 1717732559876, ""key"": ""u"", ""event"": ""r""}, {""time"": 1717732559981, ""key"": ""n"", ""event"": ""p""}, {""time"": 1717732560089, ""key"": ""n"", ""event"": ""r""}, {""time"": 1717732560421, ""key"": ""i"", ""event"": ""p""}, {""time"": 1717732560551, ""key"": ""i"", ""event"": ""r""}, {""time"": 1717732560836, ""key"": ""t"", ""event"": ""p""}, {""time"": 1717732560916, ""key"": ""t"", ""event"": ""r""}, {""time"": 1717732560964, ""key"": ""e"", ""event"": ""p""}, {""time"": 1717732561078, ""key"": ""e"", ""event"": ""r""}, {""time"": 1717732561230, ""key"": ""d"", ""event"": ""p""}, {""time"": 1717732561292, ""key"": ""d"", ""event"": ""r""}, {""time"": 1717732561818, ""key"": ""s"", ""event"": ""p""}, {""time"": 1717732561969, ""key"": ""s"", ""event"": ""r""}, {""time"": 1717732562048, ""key"": ""t"", ""event"": ""p""}, {""time"": 1717732562147, ""key"": ""t"", ""event"": ""r""}, {""time"": 1717732562261, ""key"": ""a"", ""event"": ""p""}, {""time"": 1717732562379, ""key"": ""a"", ""event"": ""r""}, {""time"": 1717732562498, ""key"": ""t"", ""event"": ""p""}, {""time"": 1717732562618, ""key"": ""t"", ""event"": ""r""}, {""time"": 1717732562701, ""key"": ""e"", ""event"": ""p""}, {""time"": 1717732562815, ""key"": ""e"", ""event"": ""r""}, {""time"": 1717732562958, ""key"": ""s"", ""event"": ""p""}, {""time"": 1717732563109, ""key"": ""s"", ""event"": ""r""}]"
113,sreerag,"[{""time"": 1717732598845, ""key"": ""u"", ""event"": ""p""}, {""time"": 1717732598973, ""key"": ""u"", ""event"": ""r""}, {""time"": 1717732599040, ""key"": ""n"", ""event"": ""p""}, {""time"": 1717732599152, ""key"": ""n"", ""event"": ""r""}, {""time"": 1717732599393, ""key"": ""i"", ""event"": ""p""}, {""time"": 1717732599471, ""key"": ""i"", ""event"": ""r""}, {""time"": 1717732599701, ""key"": ""t"", ""event"": ""p""}, {""time"": 1717732599828, ""key"": ""t"", ""event"": ""r""}, {""time"": 1717732599872, ""key"": ""e"", ""event"": ""p""}, {""time"": 1717732599982, ""key"": ""e"", ""event"": ""r""}, {""time"": 1717732600108, ""key"": ""d"", ""event"": ""p""}, {""time"": 1717732600212, ""key"": ""d"", ""event"": ""r""}, {""time"": 1717732600385, ""key"": ""s"", ""event"": ""p""}, {""time"": 1717732600537, ""key"": ""s"", ""event"": ""r""}, {""time"": 1717732600653, ""key"": ""t"", ""event"": ""p""}, {""time"": 1717732600815, ""key"": ""t"", ""event"": ""r""}, {""time"": 1717732601673, ""key"": ""a"", ""event"": ""p""}, {""time"": 1717732601825, ""key"": ""a"", ""event"": ""r""}, {""time"": 1717732601885, ""key"": ""t"", ""event"": ""p""}, {""time"": 1717732601987, ""key"": ""t"", ""event"": ""r""}, {""time"": 1717732602203, ""key"": ""e"", ""event"": ""p""}, {""time"": 1717732602312, ""key"": ""e"", ""event"": ""r""}, {""time"": 1717732604108, ""key"": ""s"", ""event"": ""p""}, {""time"": 1717732604222, ""key"": ""s"", ""event"": ""r""}]"
113,sreerag,"[{""time"": 1717732610993, ""key"": ""u"", ""event"": ""p""}, {""time"": 1717732611103, ""key"": ""u"", ""event"": ""r""}, {""time"": 1717732611182, ""key"": ""n"", ""event"": ""p""}, {""time"": 1717732611305, ""key"": ""n"", ""event"": ""r""}, {""time"": 1717732611610, ""key"": ""i"", ""event"": ""p""}, {""time"": 1717732611721, ""key"": ""i"", ""event"": ""r""}, {""time"": 1717732612119, ""key"": ""t"", ""event"": ""p""}, {""time"": 1717732612216, ""key"": ""t"", ""event"": ""r""}, {""time"": 1717732612338, ""key"": ""e"", ""event"": ""p""}, {""time"": 1717732612476, ""key"": ""e"", ""event"": ""r""}, {""time"": 1717732612586, ""key"": ""d"", ""event"": ""p""}, {""time"": 1717732612670, ""key"": ""d"", ""event"": ""r""}, {""time"": 1717732612958, ""key"": ""s"", ""event"": ""p""}, {""time"": 1717732613132, ""key"": ""s"", ""event"": ""r""}, {""time"": 1717732613333, ""key"": ""t"", ""event"": ""p""}, {""time"": 1717732613445, ""key"": ""t"", ""event"": ""r""}, {""time"": 1717732613716, ""key"": ""a"", ""event"": ""p""}, {""time"": 1717732613878, ""key"": ""a"", ""event"": ""r""}, {""time"": 1717732614203, ""key"": ""t"", ""event"": ""p""}, {""time"": 1717732614320, ""key"": ""t"", ""event"": ""r""}, {""time"": 1717732614413, ""key"": ""e"", ""event"": ""p""}, {""time"": 1717732614513, ""key"": ""e"", ""event"": ""r""}, {""time"": 1717732614670, ""key"": ""s"", ""event"": ""p""}, {""time"": 1717732614805, ""key"": ""s"", ""event"": ""r""}]"
113,sreerag,"[{""time"": 1717732622243, ""key"": ""u"", ""event"": ""p""}, {""time"": 1717732622342, ""key"": ""u"", ""event"": ""r""}, {""time"": 1717732622446, ""key"": ""n"", ""event"": ""p""}, {""time"": 1717732622559, ""key"": ""n"", ""event"": ""r""}, {""time"": 1717732622831, ""key"": ""i"", ""event"": ""p""}, {""time"": 1717732622944, ""key"": ""i"", ""event"": ""r""}, {""time"": 1717732623211, ""key"": ""t"", ""event"": ""p""}, {""time"": 1717732623295, ""key"": ""t"", ""event"": ""r""}, {""time"": 1717732623346, ""key"": ""e"", ""event"": ""p""}, {""time"": 1717732623460, ""key"": ""e"", ""event"": ""r""}, {""time"": 1717732623587, ""key"": ""d"", ""event"": ""p""}, {""time"": 1717732623691, ""key"": ""d"", ""event"": ""r""}, {""time"": 1717732623929, ""key"": ""s"", ""event"": ""p""}, {""time"": 1717732624063, ""key"": ""s"", ""event"": ""r""}, {""time"": 1717732624185, ""key"": ""t"", ""event"": ""p""}, {""time"": 1717732624290, ""key"": ""t"", ""event"": ""r""}, {""time"": 1717732624529, ""key"": ""a"", ""event"": ""p""}, {""time"": 1717732624689, ""key"": ""a"", ""event"": ""r""}, {""time"": 1717732624830, ""key"": ""t"", ""event"": ""p""}, {""time"": 1717732624927, ""key"": ""t"", ""event"": ""r""}, {""time"": 1717732624982, ""key"": ""e"", ""event"": ""p""}, {""time"": 1717732625089, ""key"": ""e"", ""event"": ""r""}, {""time"": 1717732625249, ""key"": ""s"", ""event"": ""p""}, {""time"": 1717732625388, ""key"": ""s"", ""event"": ""r""}]"
113,sreerag,"[{""time"": 1717732632081, ""key"": ""u"", ""event"": ""p""}, {""time"": 1717732632189, ""key"": ""u"", ""event"": ""r""}, {""time"": 1717732632260, ""key"": ""n"", ""event"": ""p""}, {""time"": 1717732632369, ""key"": ""n"", ""event"": ""r""}, {""time"": 1717732632635, ""key"": ""i"", ""event"": ""p""}, {""time"": 1717732632759, ""key"": ""i"", ""event"": ""r""}, {""time"": 1717732633056, ""key"": ""t"", ""event"": ""p""}, {""time"": 1717732633149, ""key"": ""t"", ""event"": ""r""}, {""time"": 1717732633181, ""key"": ""e"", ""event"": ""p""}, {""time"": 1717732633298, ""key"": ""e"", ""event"": ""r""}, {""time"": 1717732633427, ""key"": ""d"", ""event"": ""p""}, {""time"": 1717732633522, ""key"": ""d"", ""event"": ""r""}, {""time"": 1717732633761, ""key"": ""s"", ""event"": ""p""}, {""time"": 1717732633913, ""key"": ""s"", ""event"": ""r""}, {""time"": 1717732634259, ""key"": ""t"", ""event"": ""p""}, {""time"": 1717732634377, ""key"": ""t"", ""event"": ""r""}, {""time"": 1717732634451, ""key"": ""a"", ""event"": ""p""}, {""time"": 1717732634592, ""key"": ""a"", ""event"": ""r""}, {""time"": 1717732634689, ""key"": ""t"", ""event"": ""p""}, {""time"": 1717732634778, ""key"": ""t"", ""event"": ""r""}, {""time"": 1717732634837, ""key"": ""e"", ""event"": ""p""}, {""time"": 1717732634943, ""key"": ""e"", ""event"": ""r""}, {""time"": 1717732635088, ""key"": ""s"", ""event"": ""p""}, {""time"": 1717732635212, ""key"": ""s"", ""event"": ""r""}]"
114,akshaya,"[{""time"": 1717733066205, ""key"": ""u"", ""event"": ""p""}, {""time"": 1717733066371, ""key"": ""u"", ""event"": ""r""}, {""time"": 1717733066502, ""key"": ""n"", ""event"": ""p""}, {""time"": 1717733066613, ""key"": ""n"", ""event"": ""r""}, {""time"": 1717733066773, ""key"": ""i"", ""event"": ""p""}, {""time"": 1717733066949, ""key"": ""i"", ""event"": ""r""}, {""time"": 1717733067162, ""key"": ""t"", ""event"": ""p""}, {""time"": 1717733067246, ""key"": ""t"", ""event"": ""r""}, {""time"": 1717733067625, ""key"": ""e"", ""event"": ""p""}, {""time"": 1717733067704, ""key"": ""e"", ""event"": ""r""}, {""time"": 1717733068678, ""key"": ""d"", ""event"": ""p""}, {""time"": 1717733068744, ""key"": ""d"", ""event"": ""r""}, {""time"": 1717733069374, ""key"": ""s"", ""event"": ""p""}, {""time"": 1717733069471, ""key"": ""s"", ""event"": ""r""}, {""time"": 1717733069719, ""key"": ""t"", ""event"": ""p""}, {""time"": 1717733069822, ""key"": ""t"", ""event"": ""r""}, {""time"": 1717733070658, ""key"": ""a"", ""event"": ""p""}, {""time"": 1717733070796, ""key"": ""a"", ""event"": ""r""}, {""time"": 1717733070981, ""key"": ""t"", ""event"": ""p""}, {""time"": 1717733071141, ""key"": ""t"", ""event"": ""r""}, {""time"": 1717733071213, ""key"": ""e"", ""event"": ""p""}, {""time"": 1717733071304, ""key"": ""e"", ""event"": ""r""}, {""time"": 1717733071476, ""key"": ""s"", ""event"": ""p""}, {""time"": 1717733071594, ""key"": ""s"", ""event"": ""r""}]"
114,akshaya,"[{""time"": 1717733103242, ""key"": ""u"", ""event"": ""p""}, {""time"": 1717733103423, ""key"": ""u"", ""event"": ""r""}, {""time"": 1717733103476, ""key"": ""n"", ""event"": ""p""}, {""time"": 1717733103575, ""key"": ""n"", ""event"": ""r""}, {""time"": 1717733103694, ""key"": ""i"", ""event"": ""p""}, {""time"": 1717733103880, ""key"": ""i"", ""event"": ""r""}, {""time"": 1717733104169, ""key"": ""t"", ""event"": ""p""}, {""time"": 1717733104247, ""key"": ""t"", ""event"": ""r""}, {""time"": 1717733104475, ""key"": ""e"", ""event"": ""p""}, {""time"": 1717733104558, ""key"": ""e"", ""event"": ""r""}, {""time"": 1717733104716, ""key"": ""d"", ""event"": ""p""}, {""time"": 1717733104759, ""key"": ""d"", ""event"": ""r""}, {""time"": 1717733104979, ""key"": ""s"", ""event"": ""p""}, {""time"": 1717733105113, ""key"": ""s"", ""event"": ""r""}, {""time"": 1717733105249, ""key"": ""t"", ""event"": ""p""}, {""time"": 1717733105395, ""key"": ""t"", ""event"": ""r""}, {""time"": 1717733105449, ""key"": ""a"", ""event"": ""p""}, {""time"": 1717733105592, ""key"": ""t"", ""event"": ""p""}, {""time"": 1717733105607, ""key"": ""a"", ""event"": ""r""}, {""time"": 1717733105697, ""key"": ""t"", ""event"": ""r""}, {""time"": 1717733105762, ""key"": ""e"", ""event"": ""p""}, {""time"": 1717733105833, ""key"": ""e"", ""event"": ""r""}, {""time"": 1717733105985, ""key"": ""s"", ""event"": ""p""}, {""time"": 1717733106059, ""key"": ""s"", ""event"": ""r""}]"
114,akshaya,"[{""time"": 1717733155244, ""key"": ""u"", ""event"": ""p""}, {""time"": 1717733155418, ""key"": ""u"", ""event"": ""r""}, {""time"": 1717733155449, ""key"": ""n"", ""event"": ""p""}, {""time"": 1717733155595, ""key"": ""n"", ""event"": ""r""}, {""time"": 1717733155645, ""key"": ""i"", ""event"": ""p""}, {""time"": 1717733155767, ""key"": ""i"", ""event"": ""r""}, {""time"": 1717733155967, ""key"": ""t"", ""event"": ""p""}, {""time"": 1717733156062, ""key"": ""t"", ""event"": ""r""}, {""time"": 1717733156186, ""key"": ""e"", ""event"": ""p""}, {""time"": 1717733156312, ""key"": ""e"", ""event"": ""r""}, {""time"": 1717733156473, ""key"": ""d"", ""event"": ""p""}, {""time"": 1717733156547, ""key"": ""d"", ""event"": ""r""}, {""time"": 1717733156741, ""key"": ""s"", ""event"": ""p""}, {""time"": 1717733156864, ""key"": ""s"", ""event"": ""r""}, {""time"": 1717733157024, ""key"": ""t"", ""event"": ""p""}, {""time"": 1717733157157, ""key"": ""a"", ""event"": ""p""}, {""time"": 1717733157184, ""key"": ""t"", ""event"": ""r""}, {""time"": 1717733157327, ""key"": ""a"", ""event"": ""r""}, {""time"": 1717733157338, ""key"": ""t"", ""event"": ""p""}, {""time"": 1717733157472, ""key"": ""t"", ""event"": ""r""}, {""time"": 1717733157489, ""key"": ""e"", ""event"": ""p""}, {""time"": 1717733157590, ""key"": ""e"", ""event"": ""r""}, {""time"": 1717733157717, ""key"": ""s"", ""event"": ""p""}, {""time"": 1717733157825, ""key"": ""s"", ""event"": ""r""}]"
114,akshaya,"[{""time"": 1717733179569, ""key"": ""u"", ""event"": ""p""}, {""time"": 1717733179676, ""key"": ""u"", ""event"": ""r""}, {""time"": 1717733179815, ""key"": ""n"", ""event"": ""p""}, {""time"": 1717733179915, ""key"": ""n"", ""event"": ""r""}, {""time"": 1717733180043, ""key"": ""i"", ""event"": ""p""}, {""time"": 1717733180179, ""key"": ""i"", ""event"": ""r""}, {""time"": 1717733180273, ""key"": ""t"", ""event"": ""p""}, {""time"": 1717733180365, ""key"": ""t"", ""event"": ""r""}, {""time"": 1717733180559, ""key"": ""e"", ""event"": ""p""}, {""time"": 1717733180674, ""key"": ""e"", ""event"": ""r""}, {""time"": 1717733180842, ""key"": ""d"", ""event"": ""p""}, {""time"": 1717733180905, ""key"": ""d"", ""event"": ""r""}, {""time"": 1717733181085, ""key"": ""s"", ""event"": ""p""}, {""time"": 1717733181178, ""key"": ""s"", ""event"": ""r""}, {""time"": 1717733181289, ""key"": ""t"", ""event"": ""p""}, {""time"": 1717733181434, ""key"": ""t"", ""event"": ""r""}, {""time"": 1717733181476, ""key"": ""a"", ""event"": ""p""}, {""time"": 1717733181607, ""key"": ""a"", ""event"": ""r""}, {""time"": 1717733181632, ""key"": ""t"", ""event"": ""p""}, {""time"": 1717733181750, ""key"": ""t"", ""event"": ""r""}, {""time"": 1717733181815, ""key"": ""e"", ""event"": ""p""}, {""time"": 1717733181905, ""key"": ""e"", ""event"": ""r""}, {""time"": 1717733182066, ""key"": ""s"", ""event"": ""p""}, {""time"": 1717733182169, ""key"": ""s"", ""event"": ""r""}]"
114,akshaya,"[{""time"": 1717733194497, ""key"": ""u"", ""event"": ""p""}, {""time"": 1717733194647, ""key"": ""u"", ""event"": ""r""}, {""time"": 1717733194698, ""key"": ""n"", ""event"": ""p""}, {""time"": 1717733194830, ""key"": ""n"", ""event"": ""r""}, {""time"": 1717733194897, ""key"": ""i"", ""event"": ""p""}, {""time"": 1717733195073, ""key"": ""i"", ""event"": ""r""}, {""time"": 1717733195214, ""key"": ""t"", ""event"": ""p""}, {""time"": 1717733195344, ""key"": ""t"", ""event"": ""r""}, {""time"": 1717733195511, ""key"": ""e"", ""event"": ""p""}, {""time"": 1717733195635, ""key"": ""e"", ""event"": ""r""}, {""time"": 1717733195765, ""key"": ""d"", ""event"": ""p""}, {""time"": 1717733195856, ""key"": ""d"", ""event"": ""r""}, {""time"": 1717733196021, ""key"": ""s"", ""event"": ""p""}, {""time"": 1717733196148, ""key"": ""s"", ""event"": ""r""}, {""time"": 1717733196254, ""key"": ""t"", ""event"": ""p""}, {""time"": 1717733196370, ""key"": ""t"", ""event"": ""r""}, {""time"": 1717733196543, ""key"": ""a"", ""event"": ""p""}, {""time"": 1717733196679, ""key"": ""a"", ""event"": ""r""}, {""time"": 1717733196796, ""key"": ""t"", ""event"": ""p""}, {""time"": 1717733196899, ""key"": ""t"", ""event"": ""r""}, {""time"": 1717733196973, ""key"": ""e"", ""event"": ""p""}, {""time"": 1717733197062, ""key"": ""e"", ""event"": ""r""}, {""time"": 1717733197199, ""key"": ""s"", ""event"": ""p""}, {""time"": 1717733197303, ""key"": ""s"", ""event"": ""r""}]"
114,akshaya,"[{""time"": 1717733225109, ""key"": ""u"", ""event"": ""p""}, {""time"": 1717733225298, ""key"": ""n"", ""event"": ""p""}, {""time"": 1717733225345, ""key"": ""u"", ""event"": ""r""}, {""time"": 1717733225533, ""key"": ""i"", ""event"": ""p""}, {""time"": 1717733225574, ""key"": ""n"", ""event"": ""r""}, {""time"": 1717733225700, ""key"": ""i"", ""event"": ""r""}, {""time"": 1717733225767, ""key"": ""t"", ""event"": ""p""}, {""time"": 1717733225873, ""key"": ""t"", ""event"": ""r""}, {""time"": 1717733226014, ""key"": ""e"", ""event"": ""p""}, {""time"": 1717733226172, ""key"": ""e"", ""event"": ""r""}, {""time"": 1717733226293, ""key"": ""d"", ""event"": ""p""}, {""time"": 1717733226386, ""key"": ""d"", ""event"": ""r""}, {""time"": 1717733226539, ""key"": ""s"", ""event"": ""p""}, {""time"": 1717733226694, ""key"": ""s"", ""event"": ""r""}, {""time"": 1717733226816, ""key"": ""t"", ""event"": ""p""}, {""time"": 1717733226979, ""key"": ""t"", ""event"": ""r""}, {""time"": 1717733227030, ""key"": ""a"", ""event"": ""p""}, {""time"": 1717733227195, ""key"": ""a"", ""event"": ""r""}, {""time"": 1717733227241, ""key"": ""t"", ""event"": ""p""}, {""time"": 1717733227337, ""key"": ""t"", ""event"": ""r""}, {""time"": 1717733227402, ""key"": ""e"", ""event"": ""p""}, {""time"": 1717733227474, ""key"": ""e"", ""event"": ""r""}, {""time"": 1717733227619, ""key"": ""s"", ""event"": ""p""}, {""time"": 1717733227723, ""key"": ""s"", ""event"": ""r""}]"
114,akshaya,"[{""time"": 1717733240827, ""key"": ""u"", ""event"": ""p""}, {""time"": 1717733240964, ""key"": ""u"", ""event"": ""r""}, {""time"": 1717733241013, ""key"": ""n"", ""event"": ""p""}, {""time"": 1717733241159, ""key"": ""n"", ""event"": ""r""}, {""time"": 1717733241202, ""key"": ""i"", ""event"": ""p""}, {""time"": 1717733241363, ""key"": ""i"", ""event"": ""r""}, {""time"": 1717733241498, ""key"": ""t"", ""event"": ""p""}, {""time"": 1717733241612, ""key"": ""t"", ""event"": ""r""}, {""time"": 1717733241810, ""key"": ""e"", ""event"": ""p""}, {""time"": 1717733241962, ""key"": ""e"", ""event"": ""r""}, {""time"": 1717733242105, ""key"": ""d"", ""event"": ""p""}, {""time"": 1717733242209, ""key"": ""d"", ""event"": ""r""}, {""time"": 1717733242433, ""key"": ""s"", ""event"": ""p""}, {""time"": 1717733242562, ""key"": ""s"", ""event"": ""r""}, {""time"": 1717733242732, ""key"": ""t"", ""event"": ""p""}, {""time"": 1717733242879, ""key"": ""a"", ""event"": ""p""}, {""time"": 1717733242898, ""key"": ""t"", ""event"": ""r""}, {""time"": 1717733243017, ""key"": ""a"", ""event"": ""r""}, {""time"": 1717733243051, ""key"": ""t"", ""event"": ""p""}, {""time"": 1717733243169, ""key"": ""t"", ""event"": ""r""}, {""time"": 1717733243203, ""key"": ""e"", ""event"": ""p""}, {""time"": 1717733243270, ""key"": ""e"", ""event"": ""r""}, {""time"": 1717733243408, ""key"": ""s"", ""event"": ""p""}, {""time"": 1717733243507, ""key"": ""s"", ""event"": ""r""}]"
114,akshaya,"[{""time"": 1717733258575, ""key"": ""u"", ""event"": ""p""}, {""time"": 1717733258752, ""key"": ""n"", ""event"": ""p""}, {""time"": 1717733258784, ""key"": ""u"", ""event"": ""r""}, {""time"": 1717733258871, ""key"": ""n"", ""event"": ""r""}, {""time"": 1717733258924, ""key"": ""i"", ""event"": ""p""}, {""time"": 1717733259112, ""key"": ""i"", ""event"": ""r""}, {""time"": 1717733259198, ""key"": ""t"", ""event"": ""p""}, {""time"": 1717733259271, ""key"": ""t"", ""event"": ""r""}, {""time"": 1717733259496, ""key"": ""e"", ""event"": ""p""}, {""time"": 1717733259606, ""key"": ""e"", ""event"": ""r""}, {""time"": 1717733259786, ""key"": ""d"", ""event"": ""p""}, {""time"": 1717733259825, ""key"": ""d"", ""event"": ""r""}, {""time"": 1717733261122, ""key"": ""s"", ""event"": ""p""}, {""time"": 1717733261231, ""key"": ""s"", ""event"": ""r""}, {""time"": 1717733261317, ""key"": ""t"", ""event"": ""p""}, {""time"": 1717733261433, ""key"": ""a"", ""event"": ""p""}, {""time"": 1717733261455, ""key"": ""t"", ""event"": ""r""}, {""time"": 1717733261575, ""key"": ""a"", ""event"": ""r""}, {""time"": 1717733261640, ""key"": ""t"", ""event"": ""p""}, {""time"": 1717733261730, ""key"": ""t"", ""event"": ""r""}, {""time"": 1717733261753, ""key"": ""e"", ""event"": ""p""}, {""time"": 1717733261862, ""key"": ""e"", ""event"": ""r""}, {""time"": 1717733261980, ""key"": ""s"", ""event"": ""p""}, {""time"": 1717733262081, ""key"": ""s"", ""event"": ""r""}]"
115,neha,"[{""time"": 1717733409890, ""key"": ""u"", ""event"": ""p""}, {""time"": 1717733409995, ""key"": ""u"", ""event"": ""r""}, {""time"": 1717733410261, ""key"": ""n"", ""event"": ""p""}, {""time"": 1717733410390, ""key"": ""n"", ""event"": ""r""}, {""time"": 1717733410580, ""key"": ""i"", ""event"": ""p""}, {""time"": 1717733410738, ""key"": ""i"", ""event"": ""r""}, {""time"": 1717733411111, ""key"": ""t"", ""event"": ""p""}, {""time"": 1717733411241, ""key"": ""t"", ""event"": ""r""}, {""time"": 1717733411437, ""key"": ""e"", ""event"": ""p""}, {""time"": 1717733411556, ""key"": ""e"", ""event"": ""r""}, {""time"": 1717733411756, ""key"": ""d"", ""event"": ""p""}, {""time"": 1717733411864, ""key"": ""d"", ""event"": ""r""}, {""time"": 1717733412307, ""key"": "" "", ""event"": ""p""}, {""time"": 1717733412410, ""key"": "" "", ""event"": ""r""}, {""time"": 1717733413108, ""key"": ""s"", ""event"": ""p""}, {""time"": 1717733413247, ""key"": ""s"", ""event"": ""r""}, {""time"": 1717733413594, ""key"": ""t"", ""event"": ""p""}, {""time"": 1717733413687, ""key"": ""t"", ""event"": ""r""}, {""time"": 1717733414299, ""key"": ""a"", ""event"": ""p""}, {""time"": 1717733414467, ""key"": ""a"", ""event"": ""r""}, {""time"": 1717733414776, ""key"": ""t"", ""event"": ""p""}, {""time"": 1717733414868, ""key"": ""t"", ""event"": ""r""}, {""time"": 1717733415156, ""key"": ""e"", ""event"": ""p""}, {""time"": 1717733415257, ""key"": ""e"", ""event"": ""r""}, {""time"": 1717733415802, ""key"": ""s"", ""event"": ""p""}, {""time"": 1717733415925, ""key"": ""s"", ""event"": ""r""}]"
115,neha,"[{""time"": 1717733432313, ""key"": ""u"", ""event"": ""p""}, {""time"": 1717733432397, ""key"": ""u"", ""event"": ""r""}, {""time"": 1717733432572, ""key"": ""n"", ""event"": ""p""}, {""time"": 1717733432675, ""key"": ""n"", ""event"": ""r""}, {""time"": 1717733432831, ""key"": ""i"", ""event"": ""p""}, {""time"": 1717733432954, ""key"": ""i"", ""event"": ""r""}, {""time"": 1717733433367, ""key"": ""t"", ""event"": ""p""}, {""time"": 1717733433463, ""key"": ""t"", ""event"": ""r""}, {""time"": 1717733433642, ""key"": ""e"", ""event"": ""p""}, {""time"": 1717733433749, ""key"": ""e"", ""event"": ""r""}, {""time"": 1717733434141, ""key"": ""d"", ""event"": ""p""}, {""time"": 1717733434202, ""key"": ""d"", ""event"": ""r""}, {""time"": 1717733434475, ""key"": "" "", ""event"": ""p""}, {""time"": 1717733434581, ""key"": "" "", ""event"": ""r""}, {""time"": 1717733434993, ""key"": ""s"", ""event"": ""p""}, {""time"": 1717733435117, ""key"": ""s"", ""event"": ""r""}, {""time"": 1717733435334, ""key"": ""t"", ""event"": ""p""}, {""time"": 1717733435448, ""key"": ""t"", ""event"": ""r""}, {""time"": 1717733435930, ""key"": ""a"", ""event"": ""p""}, {""time"": 1717733436059, ""key"": ""a"", ""event"": ""r""}, {""time"": 1717733436284, ""key"": ""t"", ""event"": ""p""}, {""time"": 1717733436379, ""key"": ""t"", ""event"": ""r""}, {""time"": 1717733436594, ""key"": ""e"", ""event"": ""p""}, {""time"": 1717733436710, ""key"": ""e"", ""event"": ""r""}, {""time"": 1717733436959, ""key"": ""s"", ""event"": ""p""}, {""time"": 1717733437054, ""key"": ""s"", ""event"": ""r""}]"
115,neha,"[{""time"": 1717733447186, ""key"": ""u"", ""event"": ""p""}, {""time"": 1717733447275, ""key"": ""u"", ""event"": ""r""}, {""time"": 1717733447716, ""key"": ""n"", ""event"": ""p""}, {""time"": 1717733447818, ""key"": ""n"", ""event"": ""r""}, {""time"": 1717733448011, ""key"": ""i"", ""event"": ""p""}, {""time"": 1717733448120, ""key"": ""i"", ""event"": ""r""}, {""time"": 1717733448431, ""key"": ""t"", ""event"": ""p""}, {""time"": 1717733448505, ""key"": ""t"", ""event"": ""r""}, {""time"": 1717733448666, ""key"": ""e"", ""event"": ""p""}, {""time"": 1717733448791, ""key"": ""e"", ""event"": ""r""}, {""time"": 1717733448985, ""key"": ""d"", ""event"": ""p""}, {""time"": 1717733449050, ""key"": ""d"", ""event"": ""r""}, {""time"": 1717733449248, ""key"": "" "", ""event"": ""p""}, {""time"": 1717733449355, ""key"": "" "", ""event"": ""r""}, {""time"": 1717733449712, ""key"": ""s"", ""event"": ""p""}, {""time"": 1717733449872, ""key"": ""s"", ""event"": ""r""}, {""time"": 1717733450108, ""key"": ""t"", ""event"": ""p""}, {""time"": 1717733450197, ""key"": ""t"", ""event"": ""r""}, {""time"": 1717733450416, ""key"": ""a"", ""event"": ""p""}, {""time"": 1717733450560, ""key"": ""a"", ""event"": ""r""}, {""time"": 1717733450718, ""key"": ""t"", ""event"": ""p""}, {""time"": 1717733450805, ""key"": ""t"", ""event"": ""r""}, {""time"": 1717733450977, ""key"": ""e"", ""event"": ""p""}, {""time"": 1717733451101, ""key"": ""e"", ""event"": ""r""}, {""time"": 1717733451307, ""key"": ""s"", ""event"": ""p""}, {""time"": 1717733451456, ""key"": ""s"", ""event"": ""r""}]"
115,neha,"[{""time"": 1717733463649, ""key"": ""u"", ""event"": ""p""}, {""time"": 1717733463754, ""key"": ""u"", ""event"": ""r""}, {""time"": 1717733463927, ""key"": ""n"", ""event"": ""p""}, {""time"": 1717733464031, ""key"": ""n"", ""event"": ""r""}, {""time"": 1717733464173, ""key"": ""i"", ""event"": ""p""}, {""time"": 1717733464314, ""key"": ""i"", ""event"": ""r""}, {""time"": 1717733464631, ""key"": ""t"", ""event"": ""p""}, {""time"": 1717733464729, ""key"": ""t"", ""event"": ""r""}, {""time"": 1717733464868, ""key"": ""e"", ""event"": ""p""}, {""time"": 1717733464985, ""key"": ""e"", ""event"": ""r""}, {""time"": 1717733465213, ""key"": ""d"", ""event"": ""p""}, {""time"": 1717733465293, ""key"": ""d"", ""event"": ""r""}, {""time"": 1717733465521, ""key"": "" "", ""event"": ""p""}, {""time"": 1717733465628, ""key"": "" "", ""event"": ""r""}, {""time"": 1717733465939, ""key"": ""s"", ""event"": ""p""}, {""time"": 1717733466090, ""key"": ""s"", ""event"": ""r""}, {""time"": 1717733466267, ""key"": ""t"", ""event"": ""p""}, {""time"": 1717733466363, ""key"": ""t"", ""event"": ""r""}, {""time"": 1717733466613, ""key"": ""a"", ""event"": ""p""}, {""time"": 1717733466789, ""key"": ""a"", ""event"": ""r""}, {""time"": 1717733466964, ""key"": ""t"", ""event"": ""p""}, {""time"": 1717733467055, ""key"": ""t"", ""event"": ""r""}, {""time"": 1717733467248, ""key"": ""e"", ""event"": ""p""}, {""time"": 1717733467362, ""key"": ""e"", ""event"": ""r""}, {""time"": 1717733467744, ""key"": ""s"", ""event"": ""p""}, {""time"": 1717733467841, ""key"": ""s"", ""event"": ""r""}]"
115,neha,"[{""time"": 1717733476651, ""key"": ""u"", ""event"": ""p""}, {""time"": 1717733476752, ""key"": ""u"", ""event"": ""r""}, {""time"": 1717733476932, ""key"": ""n"", ""event"": ""p""}, {""time"": 1717733477030, ""key"": ""n"", ""event"": ""r""}, {""time"": 1717733477317, ""key"": ""i"", ""event"": ""p""}, {""time"": 1717733477431, ""key"": ""i"", ""event"": ""r""}, {""time"": 1717733477710, ""key"": ""t"", ""event"": ""p""}, {""time"": 1717733477805, ""key"": ""t"", ""event"": ""r""}, {""time"": 1717733477947, ""key"": ""e"", ""event"": ""p""}, {""time"": 1717733478073, ""key"": ""e"", ""event"": ""r""}, {""time"": 1717733478348, ""key"": ""d"", ""event"": ""p""}, {""time"": 1717733478436, ""key"": ""d"", ""event"": ""r""}, {""time"": 1717733478636, ""key"": "" "", ""event"": ""p""}, {""time"": 1717733478745, ""key"": "" "", ""event"": ""r""}, {""time"": 1717733479019, ""key"": ""s"", ""event"": ""p""}, {""time"": 1717733479196, ""key"": ""s"", ""event"": ""r""}, {""time"": 1717733479300, ""key"": ""t"", ""event"": ""p""}, {""time"": 1717733479407, ""key"": ""t"", ""event"": ""r""}, {""time"": 1717733479673, ""key"": ""a"", ""event"": ""p""}, {""time"": 1717733479822, ""key"": ""a"", ""event"": ""r""}, {""time"": 1717733479985, ""key"": ""t"", ""event"": ""p""}, {""time"": 1717733480070, ""key"": ""t"", ""event"": ""r""}, {""time"": 1717733480244, ""key"": ""e"", ""event"": ""p""}, {""time"": 1717733480343, ""key"": ""e"", ""event"": ""r""}, {""time"": 1717733480556, ""key"": ""s"", ""event"": ""p""}, {""time"": 1717733480660, ""key"": ""s"", ""event"": ""r""}]"
115,neha,"[{""time"": 1717733490184, ""key"": ""u"", ""event"": ""p""}, {""time"": 1717733490276, ""key"": ""u"", ""event"": ""r""}, {""time"": 1717733490469, ""key"": ""n"", ""event"": ""p""}, {""time"": 1717733490553, ""key"": ""n"", ""event"": ""r""}, {""time"": 1717733490728, ""key"": ""i"", ""event"": ""p""}, {""time"": 1717733490832, ""key"": ""i"", ""event"": ""r""}, {""time"": 1717733491113, ""key"": ""t"", ""event"": ""p""}, {""time"": 1717733491212, ""key"": ""t"", ""event"": ""r""}, {""time"": 1717733491345, ""key"": ""e"", ""event"": ""p""}, {""time"": 1717733491453, ""key"": ""e"", ""event"": ""r""}, {""time"": 1717733491717, ""key"": ""d"", ""event"": ""p""}, {""time"": 1717733491826, ""key"": ""d"", ""event"": ""r""}, {""time"": 1717733492005, ""key"": "" "", ""event"": ""p""}, {""time"": 1717733492103, ""key"": "" "", ""event"": ""r""}, {""time"": 1717733492335, ""key"": ""s"", ""event"": ""p""}, {""time"": 1717733492488, ""key"": ""s"", ""event"": ""r""}, {""time"": 1717733492656, ""key"": ""t"", ""event"": ""p""}, {""time"": 1717733492743, ""key"": ""t"", ""event"": ""r""}, {""time"": 1717733492954, ""key"": ""a"", ""event"": ""p""}, {""time"": 1717733493082, ""key"": ""a"", ""event"": ""r""}, {""time"": 1717733493168, ""key"": ""t"", ""event"": ""p""}, {""time"": 1717733493253, ""key"": ""t"", ""event"": ""r""}, {""time"": 1717733493393, ""key"": ""e"", ""event"": ""p""}, {""time"": 1717733493508, ""key"": ""e"", ""event"": ""r""}, {""time"": 1717733493682, ""key"": ""s"", ""event"": ""p""}, {""time"": 1717733493805, ""key"": ""s"", ""event"": ""r""}]"
115,neha,"[{""time"": 1717733502193, ""key"": ""u"", ""event"": ""p""}, {""time"": 1717733502281, ""key"": ""u"", ""event"": ""r""}, {""time"": 1717733502459, ""key"": ""n"", ""event"": ""p""}, {""time"": 1717733502557, ""key"": ""n"", ""event"": ""r""}, {""time"": 1717733502743, ""key"": ""i"", ""event"": ""p""}, {""time"": 1717733502837, ""key"": ""i"", ""event"": ""r""}, {""time"": 1717733503102, ""key"": ""t"", ""event"": ""p""}, {""time"": 1717733503180, ""key"": ""t"", ""event"": ""r""}, {""time"": 1717733503339, ""key"": ""e"", ""event"": ""p""}, {""time"": 1717733503452, ""key"": ""e"", ""event"": ""r""}, {""time"": 1717733503675, ""key"": ""d"", ""event"": ""p""}, {""time"": 1717733503757, ""key"": ""d"", ""event"": ""r""}, {""time"": 1717733504306, ""key"": "" "", ""event"": ""p""}, {""time"": 1717733504395, ""key"": "" "", ""event"": ""r""}, {""time"": 1717733504823, ""key"": ""s"", ""event"": ""p""}, {""time"": 1717733504966, ""key"": ""s"", ""event"": ""r""}, {""time"": 1717733505120, ""key"": ""t"", ""event"": ""p""}, {""time"": 1717733505218, ""key"": ""t"", ""event"": ""r""}, {""time"": 1717733505471, ""key"": ""a"", ""event"": ""p""}, {""time"": 1717733505629, ""key"": ""a"", ""event"": ""r""}, {""time"": 1717733505691, ""key"": ""t"", ""event"": ""p""}, {""time"": 1717733505801, ""key"": ""t"", ""event"": ""r""}, {""time"": 1717733505944, ""key"": ""e"", ""event"": ""p""}, {""time"": 1717733506054, ""key"": ""e"", ""event"": ""r""}, {""time"": 1717733506227, ""key"": ""s"", ""event"": ""p""}, {""time"": 1717733506349, ""key"": ""s"", ""event"": ""r""}]"
115,neha,"[{""time"": 1717733515573, ""key"": ""u"", ""event"": ""p""}, {""time"": 1717733515658, ""key"": ""u"", ""event"": ""r""}, {""time"": 1717733515817, ""key"": ""n"", ""event"": ""p""}, {""time"": 1717733515915, ""key"": ""n"", ""event"": ""r""}, {""time"": 1717733516123, ""key"": ""i"", ""event"": ""p""}, {""time"": 1717733516217, ""key"": ""i"", ""event"": ""r""}, {""time"": 1717733516461, ""key"": ""t"", ""event"": ""p""}, {""time"": 1717733516566, ""key"": ""t"", ""event"": ""r""}, {""time"": 1717733516674, ""key"": ""e"", ""event"": ""p""}, {""time"": 1717733516819, ""key"": ""e"", ""event"": ""r""}, {""time"": 1717733516976, ""key"": ""d"", ""event"": ""p""}, {""time"": 1717733517083, ""key"": ""d"", ""event"": ""r""}, {""time"": 1717733517213, ""key"": "" "", ""event"": ""p""}, {""time"": 1717733517298, ""key"": "" "", ""event"": ""r""}, {""time"": 1717733517588, ""key"": ""s"", ""event"": ""p""}, {""time"": 1717733517736, ""key"": ""s"", ""event"": ""r""}, {""time"": 1717733517886, ""key"": ""t"", ""event"": ""p""}, {""time"": 1717733517978, ""key"": ""t"", ""event"": ""r""}, {""time"": 1717733518161, ""key"": ""a"", ""event"": ""p""}, {""time"": 1717733518343, ""key"": ""a"", ""event"": ""r""}, {""time"": 1717733518362, ""key"": ""t"", ""event"": ""p""}, {""time"": 1717733518445, ""key"": ""t"", ""event"": ""r""}, {""time"": 1717733518576, ""key"": ""e"", ""event"": ""p""}, {""time"": 1717733518678, ""key"": ""e"", ""event"": ""r""}, {""time"": 1717733518856, ""key"": ""s"", ""event"": ""p""}, {""time"": 1717733518951, ""key"": ""s"", ""event"": ""r""}]"
